Customer_ID,Last_Purchase,Frequency,Monetary,Recency,R_Score,F_Score,M_Score,RFM_Score,Segment,Campaign_Responses,Conversions,Conversion_Rate
C0001,2025-12-15,4,11354.529999999999,17,5,3,3,533,Loyal Customers,2,1,0.5
C0002,2025-12-10,4,8762.57,22,5,3,2,532,Loyal Customers,1,1,1.0
C0003,2025-08-22,3,23095.77,132,2,2,4,224,Hibernating,1,0,0.0
C0004,2025-11-20,3,4499.969999999999,42,4,2,1,421,Potential Loyalists,1,1,1.0
C0006,2025-12-20,6,23719.510000000002,12,5,5,4,554,Champions,2,1,0.5
C0007,2025-12-24,6,29987.38,8,5,5,5,555,Champions,1,1,1.0
C0008,2025-11-30,5,22450.399999999998,32,4,4,4,444,Champions,2,0,0.0
C0009,2025-11-17,2,11432.24,45,4,1,3,413,Potential Loyalists,2,1,0.5
C0010,2025-12-14,6,14940.32,18,5,5,3,553,Loyal Customers,2,1,0.5
C0011,2025-11-16,2,7241.4,46,4,1,2,412,Potential Loyalists,1,0,0.0
C0012,2025-04-11,1,11552.83,265,1,1,3,113,Hibernating,0,0,0.0
C0013,2025-12-20,3,19673.75,12,5,2,4,524,Potential Loyalists,0,0,0.0
C0014,2025-08-27,1,4565.88,127,2,1,1,211,Hibernating,0,0,0.0
C0015,2025-10-01,3,8253.85,92,2,2,2,222,Hibernating,1,0,0.0
C0016,2025-07-26,2,3829.4,159,1,1,1,111,Hibernating,0,0,0.0
C0017,2025-09-07,3,9576.42,116,2,2,2,222,Hibernating,1,1,1.0
C0018,2025-10-11,2,21201.18,82,3,1,4,314,Need Attention,1,1,1.0
C0019,2025-11-23,4,44348.61,39,4,3,5,435,Loyal Customers,1,0,0.0
C0020,2025-12-12,2,6446.01,20,5,1,2,512,Potential Loyalists,1,0,0.0
C0022,2025-08-25,3,6713.400000000001,129,2,2,2,222,Hibernating,0,0,0.0
C0023,2025-10-30,2,9358.7,63,3,1,2,312,Need Attention,1,1,1.0
C0024,2025-12-12,5,10832.54,20,5,4,3,543,Loyal Customers,2,1,0.5
C0025,2025-07-02,3,17174.28,183,1,2,4,124,Hibernating,2,1,0.5
C0026,2025-12-20,4,26031.86,12,5,3,5,535,Loyal Customers,1,0,0.0
C0027,2025-11-05,4,15562.65,57,3,3,3,333,Loyal Customers,2,1,0.5
C0028,2025-12-26,8,59949.82,6,5,5,5,555,Champions,1,0,0.0
C0029,2025-02-07,1,19843.31,328,1,1,4,114,Hibernating,0,0,0.0
C0030,2025-12-20,3,3865.5200000000004,12,5,2,1,521,Potential Loyalists,1,1,1.0
C0031,2025-10-27,4,12060.38,66,3,3,3,333,Loyal Customers,2,2,1.0
C0032,2025-10-23,5,9078.77,70,3,4,2,342,Loyal Customers,3,1,0.3333333333333333
C0033,2025-12-14,4,10369.58,18,5,3,2,532,Loyal Customers,0,0,0.0
C0034,2025-11-21,1,2630.86,41,4,1,1,411,Potential Loyalists,0,0,0.0
C0036,2025-06-18,1,9837.34,197,1,1,2,112,Hibernating,0,0,0.0
C0037,2025-04-29,3,11925.380000000001,247,1,2,3,123,Hibernating,0,0,0.0
C0038,2025-09-20,5,24706.91,103,2,4,4,244,At Risk,4,2,0.5
C0039,2025-12-18,4,28432.99,14,5,3,5,535,Loyal Customers,3,2,0.6666666666666666
C0040,2025-12-18,3,17395.35,14,5,2,4,524,Potential Loyalists,0,0,0.0
C0041,2025-12-11,8,45528.32,21,5,5,5,555,Champions,6,3,0.5
C0042,2025-12-25,3,14565.69,7,5,2,3,523,Potential Loyalists,1,0,0.0
C0043,2025-09-22,3,51318.89,101,2,2,5,225,Hibernating,2,2,1.0
C0044,2025-11-25,4,20359.72,37,4,3,4,434,Loyal Customers,0,0,0.0
C0045,2025-11-03,4,17470.72,59,3,3,4,334,Loyal Customers,1,1,1.0
C0046,2025-08-30,1,3341.57,124,2,1,1,211,Hibernating,0,0,0.0
C0047,2025-10-24,3,6626.699999999999,69,3,2,2,322,Need Attention,1,0,0.0
C0048,2025-07-08,2,5155.52,177,1,1,1,111,Hibernating,0,0,0.0
C0049,2025-06-07,2,25001.11,208,1,1,4,114,Hibernating,1,0,0.0
C0050,2025-08-24,7,29018.26,130,2,5,5,255,At Risk,1,0,0.0
C0051,2025-11-28,5,40408.81,34,4,4,5,445,Champions,1,0,0.0
C0052,2025-12-14,6,48175.54,18,5,5,5,555,Champions,1,1,1.0
C0054,2025-08-07,4,20003.27,147,2,3,4,234,At Risk,1,1,1.0
C0055,2025-11-17,7,30682.98,45,4,5,5,455,Champions,0,0,0.0
C0056,2025-12-16,7,30169.519999999997,16,5,5,5,555,Champions,2,2,1.0
C0058,2025-08-15,3,6542.34,139,2,2,2,222,Hibernating,1,0,0.0
C0059,2025-09-24,1,1166.16,99,2,1,1,211,Hibernating,0,0,0.0
C0060,2025-11-15,7,26676.06,47,4,5,5,455,Champions,3,2,0.6666666666666666
C0061,2025-12-17,4,13780.18,15,5,3,3,533,Loyal Customers,2,1,0.5
C0062,2025-12-26,5,18455.21,6,5,4,4,544,Champions,2,0,0.0
C0063,2025-03-25,2,5350.42,282,1,1,1,111,Hibernating,1,1,1.0
C0064,2025-09-13,3,22335.6,110,2,2,4,224,Hibernating,2,1,0.5
C0065,2025-05-01,4,29402.430000000004,245,1,3,5,135,At Risk,0,0,0.0
C0066,2025-10-03,3,10976.31,90,3,2,3,323,Need Attention,1,1,1.0
C0067,2025-12-26,3,6266.8099999999995,6,5,2,2,522,Potential Loyalists,0,0,0.0
C0068,2025-10-04,4,32289.13,89,3,3,5,335,Loyal Customers,2,1,0.5
C0069,2025-08-15,1,761.78,139,2,1,1,211,Hibernating,1,1,1.0
C0070,2025-12-28,3,36345.35,4,5,2,5,525,Potential Loyalists,1,1,1.0
C0071,2025-02-23,1,6620.45,312,1,1,2,112,Hibernating,0,0,0.0
C0072,2025-11-09,5,31655.01,53,3,4,5,345,Loyal Customers,2,0,0.0
C0073,2025-10-21,2,6526.63,72,3,1,2,312,Need Attention,1,0,0.0
C0074,2025-08-31,6,30343.65,123,2,5,5,255,At Risk,3,2,0.6666666666666666
C0075,2025-10-08,3,12250.369999999999,85,3,2,3,323,Need Attention,1,1,1.0
C0076,2025-12-10,2,3143.8599999999997,22,5,1,1,511,Potential Loyalists,1,0,0.0
C0077,2025-08-30,4,26885.66,124,2,3,5,235,At Risk,1,1,1.0
C0078,2025-11-28,4,17267.18,34,4,3,4,434,Loyal Customers,0,0,0.0
C0079,2025-11-02,4,12013.830000000002,60,3,3,3,333,Loyal Customers,1,1,1.0
C0080,2025-11-28,6,25785.440000000002,34,4,5,5,455,Champions,2,1,0.5
C0081,2025-11-30,4,8754.19,32,4,3,2,432,Loyal Customers,1,1,1.0
C0082,2025-11-01,4,36372.19,61,3,3,5,335,Loyal Customers,1,0,0.0
C0083,2025-12-29,6,15366.01,3,5,5,3,553,Loyal Customers,1,0,0.0
C0084,2025-12-05,2,7197.08,27,4,1,2,412,Potential Loyalists,1,0,0.0
C0085,2025-02-27,1,5672.83,308,1,1,1,111,Hibernating,1,0,0.0
C0086,2025-06-08,2,4041.57,207,1,1,1,111,Hibernating,1,1,1.0
C0087,2025-07-23,6,18747.21,162,1,5,4,154,At Risk,4,3,0.75
C0088,2025-09-28,4,11271.76,95,2,3,3,233,At Risk,0,0,0.0
C0089,2025-07-24,1,3511.85,161,1,1,1,111,Hibernating,1,0,0.0
C0090,2025-12-02,4,10271.35,30,4,3,2,432,Loyal Customers,2,1,0.5
C0091,2025-08-14,4,19222.53,140,2,3,4,234,At Risk,2,1,0.5
C0093,2025-11-09,1,3384.8,53,3,1,1,311,Need Attention,1,1,1.0
C0094,2025-09-12,7,20179.95,111,2,5,4,254,At Risk,3,3,1.0
C0095,2025-11-24,6,20563.65,38,4,5,4,454,Champions,3,2,0.6666666666666666
C0096,2025-12-15,4,41434.88,17,5,3,5,535,Loyal Customers,3,0,0.0
C0097,2025-12-08,3,39126.53,24,4,2,5,425,Potential Loyalists,1,0,0.0
C0098,2025-10-15,2,3523.7,78,3,1,1,311,Need Attention,0,0,0.0
C0099,2025-09-01,2,6044.49,122,2,1,2,212,Hibernating,1,1,1.0
C0100,2025-06-21,2,20992.120000000003,194,1,1,4,114,Hibernating,1,0,0.0
C0101,2025-11-03,3,16006.08,59,3,2,3,323,Need Attention,0,0,0.0
C0102,2025-11-30,1,1430.14,32,4,1,1,411,Potential Loyalists,1,0,0.0
C0103,2025-07-16,1,2550.02,169,1,1,1,111,Hibernating,0,0,0.0
C0104,2025-12-19,1,1214.72,13,5,1,1,511,Potential Loyalists,0,0,0.0
C0105,2025-12-28,5,21572.35,4,5,4,4,544,Champions,2,1,0.5
C0106,2025-12-11,2,5518.79,21,5,1,1,511,Potential Loyalists,0,0,0.0
C0107,2025-09-10,1,1158.78,113,2,1,1,211,Hibernating,0,0,0.0
C0108,2025-08-03,3,7071.459999999999,151,1,2,2,122,Hibernating,0,0,0.0
C0109,2025-11-26,5,19327.07,36,4,4,4,444,Champions,2,1,0.5
C0110,2025-12-07,3,9441.36,25,4,2,2,422,Potential Loyalists,1,0,0.0
C0111,2025-11-08,3,7413.39,54,3,2,2,322,Need Attention,1,0,0.0
C0112,2025-08-05,2,3497.08,149,1,1,1,111,Hibernating,0,0,0.0
C0113,2025-09-30,5,12754.82,93,2,4,3,243,At Risk,2,2,1.0
C0115,2025-02-24,1,1798.01,311,1,1,1,111,Hibernating,0,0,0.0
C0116,2025-05-13,2,3326.1800000000003,233,1,1,1,111,Hibernating,0,0,0.0
C0117,2025-11-08,2,3187.1000000000004,54,3,1,1,311,Need Attention,0,0,0.0
C0118,2025-12-11,5,11111.89,21,5,4,3,543,Loyal Customers,2,1,0.5
C0119,2025-12-10,3,17735.48,22,5,2,4,524,Potential Loyalists,0,0,0.0
C0120,2025-12-22,3,8416.779999999999,10,5,2,2,522,Potential Loyalists,1,1,1.0
C0121,2025-09-09,3,15045.25,114,2,2,3,223,Hibernating,0,0,0.0
C0122,2025-11-27,4,16333.68,35,4,3,3,433,Loyal Customers,1,1,1.0
C0123,2025-11-01,7,26745.7,61,3,5,5,355,Loyal Customers,3,1,0.3333333333333333
C0124,2025-09-10,2,8863.14,113,2,1,2,212,Hibernating,0,0,0.0
C0125,2025-12-20,4,19817.87,12,5,3,4,534,Loyal Customers,0,0,0.0
C0126,2025-12-28,10,36777.75,4,5,5,5,555,Champions,4,3,0.75
C0127,2025-07-07,1,11517.66,178,1,1,3,113,Hibernating,0,0,0.0
C0128,2025-12-25,7,26692.61,7,5,5,5,555,Champions,2,1,0.5
C0129,2025-08-29,1,1827.26,125,2,1,1,211,Hibernating,0,0,0.0
C0130,2025-04-24,1,5809.92,252,1,1,2,112,Hibernating,0,0,0.0
C0131,2025-12-07,3,9887.53,25,4,2,2,422,Potential Loyalists,1,1,1.0
C0132,2025-04-21,2,11213.17,255,1,1,3,113,Hibernating,1,1,1.0
C0133,2025-09-29,4,15033.02,94,2,4,3,243,At Risk,2,2,1.0
C0134,2025-12-04,1,937.16,28,4,1,1,411,Potential Loyalists,0,0,0.0
C0135,2025-08-21,2,8401.87,133,2,1,2,212,Hibernating,0,0,0.0
C0136,2025-12-19,8,24980.63,13,5,5,4,554,Champions,2,1,0.5
C0137,2025-12-08,8,35686.81,24,4,5,5,455,Champions,3,1,0.3333333333333333
C0138,2025-11-16,2,1760.5300000000002,46,4,1,1,411,Potential Loyalists,0,0,0.0
C0139,2025-12-09,2,6218.85,23,4,1,2,412,Potential Loyalists,1,1,1.0
C0140,2025-12-04,5,36945.56,28,4,4,5,445,Champions,1,0,0.0
C0141,2025-06-17,3,12747.78,198,1,2,3,123,Hibernating,2,2,1.0
C0142,2025-02-24,1,844.27,311,1,1,1,111,Hibernating,1,1,1.0
C0143,2025-12-14,5,45492.76,18,5,4,5,545,Champions,3,1,0.3333333333333333
C0144,2025-12-02,6,25341.27,30,4,5,4,454,Champions,1,1,1.0
C0145,2025-11-30,4,5622.62,32,4,4,1,441,Loyal Customers,1,1,1.0
C0146,2025-11-18,4,10794.52,44,4,4,2,442,Loyal Customers,3,3,1.0
C0147,2025-02-28,1,6905.58,307,1,1,2,112,Hibernating,0,0,0.0
C0148,2025-11-03,3,6167.099999999999,59,3,2,2,322,Need Attention,1,0,0.0
C0149,2025-12-15,3,22885.789999999997,17,5,2,4,524,Potential Loyalists,1,1,1.0
C0150,2025-10-03,2,4465.68,90,3,1,1,311,Need Attention,0,0,0.0
C0151,2025-08-01,4,11799.39,153,1,4,3,143,At Risk,2,2,1.0
C0152,2025-07-24,2,5074.75,161,1,1,1,111,Hibernating,1,1,1.0
C0153,2025-08-05,3,5318.610000000001,149,1,2,1,121,Hibernating,2,1,0.5
C0154,2025-08-28,5,17411.56,126,2,4,4,244,At Risk,2,2,1.0
C0155,2025-08-29,3,2966.31,125,2,2,1,221,Hibernating,1,0,0.0
C0156,2025-11-02,5,21042.19,60,3,4,4,344,Loyal Customers,0,0,0.0
C0157,2025-11-18,3,10370.490000000002,44,4,2,2,422,Potential Loyalists,1,1,1.0
C0158,2025-04-19,2,5195.02,257,1,1,1,111,Hibernating,2,1,0.5
C0159,2025-09-02,1,1513.83,121,2,1,1,211,Hibernating,0,0,0.0
C0160,2025-08-29,1,6730.74,125,2,1,2,212,Hibernating,0,0,0.0
C0161,2025-11-08,2,3929.59,54,3,1,1,311,Need Attention,0,0,0.0
C0162,2025-09-23,3,8487.25,100,2,2,2,222,Hibernating,0,0,0.0
C0163,2025-09-24,4,5589.1,99,2,4,1,241,At Risk,0,0,0.0
C0164,2025-12-09,8,34213.25,23,4,5,5,455,Champions,4,3,0.75
C0165,2025-09-05,6,20932.69,118,2,5,4,254,At Risk,1,0,0.0
C0166,2025-10-29,4,22843.92,64,3,4,4,344,Loyal Customers,0,0,0.0
C0167,2025-11-11,6,37634.17,51,4,5,5,455,Champions,3,3,1.0
C0168,2025-10-10,3,14374.04,83,3,2,3,323,Need Attention,2,1,0.5
C0169,2025-11-09,1,8701.18,53,3,1,2,312,Need Attention,0,0,0.0
C0170,2025-09-24,2,15647.16,99,2,1,3,213,Hibernating,2,0,0.0
C0171,2025-06-16,1,8242.18,199,1,1,2,112,Hibernating,1,1,1.0
C0172,2025-11-29,7,39837.4,33,4,5,5,455,Champions,2,1,0.5
C0173,2025-04-10,2,7266.610000000001,266,1,1,2,112,Hibernating,2,2,1.0
C0174,2025-06-12,1,6510.82,203,1,1,2,112,Hibernating,0,0,0.0
C0175,2025-09-12,2,7936.84,111,2,1,2,212,Hibernating,0,0,0.0
C0176,2025-11-27,3,7627.96,35,4,2,2,422,Potential Loyalists,0,0,0.0
C0177,2025-12-01,6,20047.800000000003,31,4,5,4,454,Champions,0,0,0.0
C0178,2025-06-24,6,36985.81,191,1,5,5,155,At Risk,3,0,0.0
C0179,2025-08-08,3,7576.13,146,2,2,2,222,Hibernating,2,0,0.0
C0180,2025-05-20,3,44298.03999999999,226,1,2,5,125,Hibernating,2,1,0.5
C0181,2025-08-16,2,17919.9,138,2,1,4,214,Hibernating,0,0,0.0
C0182,2025-08-30,4,31125.77,124,2,4,5,245,At Risk,1,0,0.0
C0183,2025-12-24,6,37228.600000000006,8,5,5,5,555,Champions,3,0,0.0
C0184,2025-03-14,1,1865.39,293,1,1,1,111,Hibernating,0,0,0.0
C0185,2025-08-13,3,15645.41,141,2,2,3,223,Hibernating,1,1,1.0
C0186,2025-12-25,6,25768.86,7,5,5,5,555,Champions,0,0,0.0
C0187,2025-09-30,2,4091.09,93,2,1,1,211,Hibernating,0,0,0.0
C0188,2025-12-06,5,21773.710000000003,26,4,4,4,444,Champions,3,3,1.0
C0189,2025-08-19,2,10056.5,135,2,1,2,212,Hibernating,1,1,1.0
C0191,2025-11-09,3,23703.91,53,3,2,4,324,Need Attention,1,0,0.0
C0192,2025-10-02,2,25327.34,91,2,1,4,214,Hibernating,1,0,0.0
C0193,2025-11-19,2,1674.9899999999998,43,4,1,1,411,Potential Loyalists,1,1,1.0
C0194,2025-08-03,3,10022.439999999999,151,1,2,2,122,Hibernating,0,0,0.0
C0195,2025-10-11,3,7765.1,82,3,2,2,322,Need Attention,2,1,0.5
C0196,2025-11-10,6,11329.58,52,3,5,3,353,Loyal Customers,1,1,1.0
C0197,2025-09-20,3,5028.5,103,2,2,1,221,Hibernating,2,1,0.5
C0198,2025-12-25,2,1451.4299999999998,7,5,1,1,511,Potential Loyalists,0,0,0.0
C0199,2025-11-16,4,23102.34,46,4,4,4,444,Champions,1,0,0.0
C0200,2025-11-14,2,11149.369999999999,48,4,1,3,413,Potential Loyalists,0,0,0.0
C0201,2025-12-12,2,2962.07,20,5,1,1,511,Potential Loyalists,1,1,1.0
C0202,2025-08-26,3,10085.72,128,2,2,2,222,Hibernating,2,1,0.5
C0203,2025-11-06,6,15668.7,56,3,5,3,353,Loyal Customers,0,0,0.0
C0204,2025-11-13,6,25436.68,49,4,5,4,454,Champions,1,0,0.0
C0205,2025-10-04,6,32258.63,89,3,5,5,355,Loyal Customers,1,0,0.0
C0206,2025-12-19,1,18345.17,13,5,1,4,514,Potential Loyalists,0,0,0.0
C0207,2025-11-13,6,10111.92,49,4,5,2,452,Loyal Customers,1,1,1.0
C0208,2025-11-09,3,19575.95,53,3,2,4,324,Need Attention,2,2,1.0
C0209,2025-11-23,4,15744.59,39,4,4,3,443,Loyal Customers,0,0,0.0
C0210,2025-09-06,2,1848.37,117,2,1,1,211,Hibernating,1,1,1.0
C0211,2025-05-25,3,12070.07,221,1,2,3,123,Hibernating,0,0,0.0
C0212,2025-12-16,6,27958.83,16,5,5,5,555,Champions,0,0,0.0
C0213,2025-05-01,2,4777.31,245,1,1,1,111,Hibernating,0,0,0.0
C0214,2025-09-13,3,11444.18,110,2,2,3,223,Hibernating,1,1,1.0
C0215,2025-08-09,3,13062.779999999999,145,2,2,3,223,Hibernating,1,1,1.0
C0216,2025-07-31,3,4350.57,154,1,2,1,121,Hibernating,1,0,0.0
C0217,2025-08-29,2,6779.57,125,2,1,2,212,Hibernating,0,0,0.0
C0218,2025-12-10,3,6268.14,22,5,2,2,522,Potential Loyalists,1,1,1.0
C0220,2025-08-29,1,3617.18,125,2,1,1,211,Hibernating,0,0,0.0
C0221,2025-11-10,4,12840.2,52,3,4,3,343,Loyal Customers,0,0,0.0
C0222,2025-12-28,3,17196.190000000002,4,5,2,4,524,Potential Loyalists,0,0,0.0
C0223,2025-10-14,6,40604.64,79,3,5,5,355,Loyal Customers,1,0,0.0
C0224,2025-12-04,4,12799.220000000001,28,4,4,3,443,Loyal Customers,3,3,1.0
C0225,2025-09-22,1,643.45,101,2,1,1,211,Hibernating,1,1,1.0
C0226,2025-12-17,5,30940.620000000003,15,5,4,5,545,Champions,0,0,0.0
C0227,2025-03-31,1,2925.09,276,1,1,1,111,Hibernating,1,1,1.0
C0228,2025-09-30,3,20084.85,93,2,2,4,224,Hibernating,1,1,1.0
C0229,2025-12-14,5,13545.869999999999,18,5,4,3,543,Loyal Customers,1,0,0.0
C0230,2025-07-08,1,526.89,177,1,1,1,111,Hibernating,0,0,0.0
C0231,2025-07-22,2,11495.529999999999,163,1,1,3,113,Hibernating,1,1,1.0
C0232,2025-09-22,1,3451.41,101,2,1,1,211,Hibernating,0,0,0.0
C0233,2025-09-13,4,15304.73,110,2,4,3,243,At Risk,1,0,0.0
C0234,2025-12-22,5,10815.92,10,5,4,2,542,Loyal Customers,2,0,0.0
C0235,2025-11-08,3,30755.8,54,3,2,5,325,Need Attention,1,1,1.0
C0236,2025-11-01,2,1447.5500000000002,61,3,1,1,311,Need Attention,1,1,1.0
C0237,2025-12-25,5,21664.74,7,5,4,4,544,Champions,0,0,0.0
C0238,2025-10-09,3,18547.44,84,3,3,4,334,Loyal Customers,3,2,0.6666666666666666
C0239,2025-11-13,4,16121.93,49,4,4,3,443,Loyal Customers,0,0,0.0
C0240,2025-10-29,3,15237.06,64,3,3,3,333,Loyal Customers,2,1,0.5
C0242,2025-10-26,3,52041.08,67,3,3,5,335,Loyal Customers,0,0,0.0
C0243,2025-10-07,5,16964.75,86,3,4,4,344,Loyal Customers,0,0,0.0
C0244,2025-11-26,8,58708.12,36,4,5,5,455,Champions,4,1,0.25
C0245,2025-11-11,2,6577.87,51,4,1,2,412,Potential Loyalists,2,2,1.0
C0246,2025-07-13,2,5053.26,172,1,1,1,111,Hibernating,0,0,0.0
C0247,2025-10-10,5,38929.4,83,3,4,5,345,Loyal Customers,2,2,1.0
C0248,2025-11-10,2,5669.73,52,3,1,1,311,Need Attention,1,1,1.0
C0249,2025-04-05,2,5473.87,271,1,1,1,111,Hibernating,1,1,1.0
C0250,2025-12-24,4,35290.130000000005,8,5,4,5,545,Champions,2,1,0.5
C0251,2025-04-12,3,7207.139999999999,264,1,3,2,132,At Risk,2,1,0.5
C0253,2025-10-19,3,45722.92,74,3,3,5,335,Loyal Customers,1,0,0.0
C0254,2025-12-04,5,25758.05,28,4,4,5,445,Champions,2,2,1.0
C0255,2025-12-09,4,24686.8,23,4,4,4,444,Champions,0,0,0.0
C0256,2025-12-24,8,49475.08,8,5,5,5,555,Champions,5,2,0.4
C0257,2025-11-02,6,47463.79,60,3,5,5,355,Loyal Customers,1,0,0.0
C0258,2025-12-23,5,23904.09,9,5,4,4,544,Champions,2,2,1.0
C0259,2025-08-27,3,13458.67,127,2,3,3,233,At Risk,2,2,1.0
C0260,2025-11-15,3,20326.13,47,4,3,4,434,Loyal Customers,2,1,0.5
C0261,2025-06-30,4,23361.47,185,1,4,4,144,At Risk,1,1,1.0
C0262,2025-09-23,4,11158.32,100,2,4,3,243,At Risk,0,0,0.0
C0263,2025-12-19,3,17291.58,13,5,3,4,534,Loyal Customers,2,1,0.5
C0264,2025-11-29,4,31276.739999999998,33,4,4,5,445,Champions,1,0,0.0
C0265,2025-12-01,3,13656.77,31,4,3,3,433,Loyal Customers,1,1,1.0
C0266,2025-10-31,4,27009.29,62,3,4,5,345,Loyal Customers,2,1,0.5
C0267,2025-12-11,6,18353.73,21,5,5,4,554,Champions,0,0,0.0
C0268,2025-12-15,3,3728.16,17,5,3,1,531,Loyal Customers,0,0,0.0
C0269,2025-11-20,7,35935.66,42,4,5,5,455,Champions,3,0,0.0
C0270,2025-07-24,2,7727.51,161,1,1,2,112,Hibernating,0,0,0.0
C0271,2025-12-17,2,9480.75,15,5,1,2,512,Potential Loyalists,2,0,0.0
C0272,2025-10-13,4,13253.52,80,3,4,3,343,Loyal Customers,0,0,0.0
C0273,2025-11-18,4,27477.71,44,4,4,5,445,Champions,3,1,0.3333333333333333
C0274,2025-09-09,2,16370.84,114,2,1,3,213,Hibernating,0,0,0.0
C0275,2025-11-15,4,14900.76,47,4,4,3,443,Loyal Customers,1,1,1.0
C0276,2025-11-03,6,14126.11,59,3,5,3,353,Loyal Customers,1,1,1.0
C0277,2025-01-20,1,3207.32,346,1,1,1,111,Hibernating,0,0,0.0
C0278,2025-09-06,3,30611.309999999998,117,2,3,5,235,At Risk,1,1,1.0
C0279,2025-09-09,4,25363.61,114,2,4,4,244,At Risk,1,0,0.0
C0280,2025-10-28,1,6165.32,65,3,1,2,312,Need Attention,1,0,0.0
C0281,2025-09-19,4,11844.29,104,2,4,3,243,At Risk,2,1,0.5
C0282,2025-12-03,6,25026.53,29,4,5,4,454,Champions,1,0,0.0
C0283,2025-09-20,3,15474.029999999999,103,2,3,3,233,At Risk,0,0,0.0
C0284,2025-10-29,3,9660.22,64,3,3,2,332,Loyal Customers,2,1,0.5
C0285,2025-10-03,4,19929.82,90,3,4,4,344,Loyal Customers,2,0,0.0
C0286,2025-12-13,3,22239.37,19,5,3,4,534,Loyal Customers,1,1,1.0
C0287,2025-12-25,3,12378.480000000001,7,5,3,3,533,Loyal Customers,2,1,0.5
C0288,2025-12-13,5,12852.94,19,5,4,3,543,Loyal Customers,1,1,1.0
C0289,2025-11-03,3,19470.42,59,3,3,4,334,Loyal Customers,1,0,0.0
C0290,2025-12-20,5,12007.26,12,5,4,3,543,Loyal Customers,1,1,1.0
C0291,2025-06-23,2,8995.36,192,1,1,2,112,Hibernating,2,2,1.0
C0293,2025-09-23,3,3008.67,100,2,3,1,231,At Risk,0,0,0.0
C0294,2025-11-08,3,2100.9700000000003,54,3,3,1,331,Loyal Customers,2,1,0.5
C0295,2025-09-26,6,14973.52,97,2,5,3,253,At Risk,2,1,0.5
C0296,2025-09-30,6,11745.619999999999,93,2,5,3,253,At Risk,1,0,0.0
C0297,2025-12-30,4,11206.85,2,5,4,3,543,Loyal Customers,0,0,0.0
C0298,2025-11-03,6,27002.5,59,3,5,5,355,Loyal Customers,5,3,0.6
C0299,2025-11-15,1,934.25,47,4,1,1,411,Potential Loyalists,0,0,0.0
C0300,2025-07-02,2,5879.719999999999,183,1,1,2,112,Hibernating,1,1,1.0
C0301,2025-02-16,1,4526.59,319,1,1,1,111,Hibernating,1,1,1.0
C0302,2025-12-19,2,4168.76,13,5,1,1,511,Potential Loyalists,1,1,1.0
C0303,2025-12-09,3,6778.099999999999,23,4,3,2,432,Loyal Customers,2,0,0.0
C0304,2025-09-30,8,75435.41,93,2,5,5,255,At Risk,3,2,0.6666666666666666
C0305,2025-07-30,2,3416.31,155,1,1,1,111,Hibernating,0,0,0.0
C0306,2025-10-19,3,3969.63,74,3,3,1,331,Loyal Customers,1,1,1.0
C0307,2025-09-08,2,7218.76,115,2,1,2,212,Hibernating,0,0,0.0
C0308,2025-07-18,3,5291.35,167,1,3,1,131,At Risk,0,0,0.0
C0309,2025-12-28,3,21797.96,4,5,3,4,534,Loyal Customers,2,1,0.5
C0310,2025-12-12,3,23191.48,20,5,3,4,534,Loyal Customers,1,1,1.0
C0311,2025-11-04,6,23541.8,58,3,5,4,354,Loyal Customers,4,3,0.75
C0312,2025-12-03,4,10597.83,29,4,4,2,442,Loyal Customers,1,1,1.0
C0313,2025-12-27,4,8067.74,5,5,4,2,542,Loyal Customers,1,0,0.0
C0314,2025-11-15,4,16227.11,47,4,4,3,443,Loyal Customers,4,3,0.75
C0315,2025-12-20,6,31597.06,12,5,5,5,555,Champions,1,1,1.0
C0316,2025-08-03,5,38501.43,151,1,4,5,145,At Risk,1,0,0.0
C0317,2025-12-12,5,13080.86,20,5,4,3,543,Loyal Customers,3,2,0.6666666666666666
C0318,2025-03-24,1,1232.1,283,1,1,1,111,Hibernating,0,0,0.0
C0319,2025-11-03,2,4363.780000000001,59,3,1,1,311,Need Attention,2,1,0.5
C0320,2025-11-03,2,8587.72,59,3,2,2,322,Need Attention,0,0,0.0
C0321,2025-12-06,7,29920.16,26,4,5,5,455,Champions,2,1,0.5
C0322,2025-12-31,3,16225.34,1,5,3,3,533,Loyal Customers,0,0,0.0
C0323,2025-02-05,1,3549.93,330,1,1,1,111,Hibernating,0,0,0.0
C0324,2025-10-02,4,18809.1,91,2,4,4,244,At Risk,1,0,0.0
C0325,2025-09-28,3,13424.58,95,2,3,3,233,At Risk,1,0,0.0
C0326,2025-09-13,3,7887.900000000001,110,2,3,2,232,At Risk,1,0,0.0
C0327,2025-11-25,4,19469.7,37,4,4,4,444,Champions,1,0,0.0
C0328,2025-12-24,4,10886.79,8,5,4,3,543,Loyal Customers,1,1,1.0
C0329,2025-06-01,1,3229.47,214,1,1,1,111,Hibernating,0,0,0.0
C0330,2025-09-11,3,13798.84,112,2,3,3,233,At Risk,0,0,0.0
C0331,2025-10-07,2,9434.17,86,3,2,2,322,Need Attention,0,0,0.0
C0332,2025-07-30,2,25890.559999999998,155,1,2,5,125,Hibernating,1,1,1.0
C0334,2025-12-08,3,13302.78,24,4,3,3,433,Loyal Customers,0,0,0.0
C0335,2025-10-12,6,18902.52,81,3,5,4,354,Loyal Customers,1,0,0.0
C0336,2025-09-28,5,13782.67,95,2,4,3,243,At Risk,2,0,0.0
C0337,2025-11-24,2,5345.1900000000005,38,4,2,1,421,Potential Loyalists,1,1,1.0
C0338,2025-09-05,2,2029.23,118,2,2,1,221,Hibernating,1,1,1.0
C0339,2025-12-15,2,2206.8,17,5,2,1,521,Potential Loyalists,1,1,1.0
C0340,2025-11-14,7,27187.24,48,4,5,5,455,Champions,3,3,1.0
C0341,2025-05-29,1,4818.0,217,1,1,1,111,Hibernating,0,0,0.0
C0342,2025-09-09,4,48318.62,114,2,4,5,245,At Risk,1,1,1.0
C0343,2025-09-24,3,3707.81,99,2,3,1,231,At Risk,0,0,0.0
C0344,2025-08-15,2,30665.449999999997,139,2,2,5,225,Hibernating,1,1,1.0
C0345,2025-11-03,6,27207.98,59,3,5,5,355,Loyal Customers,1,0,0.0
C0346,2025-08-16,4,34219.72,138,2,4,5,245,At Risk,1,1,1.0
C0347,2025-12-05,3,21750.84,27,4,3,4,434,Loyal Customers,1,0,0.0
C0348,2025-10-06,3,20333.58,87,3,3,4,334,Loyal Customers,0,0,0.0
C0349,2025-12-17,3,13344.189999999999,15,5,3,3,533,Loyal Customers,2,2,1.0
C0350,2025-12-09,4,13951.269999999999,23,4,4,3,443,Loyal Customers,2,1,0.5
C0351,2025-12-27,2,9797.77,5,5,2,2,522,Potential Loyalists,0,0,0.0
C0352,2025-11-14,5,23475.9,48,4,5,4,454,Champions,1,0,0.0
C0353,2025-08-28,2,2988.9300000000003,126,2,2,1,221,Hibernating,1,1,1.0
C0354,2025-08-28,4,25475.53,126,2,4,4,244,At Risk,4,2,0.5
C0355,2025-07-02,4,5037.16,183,1,4,1,141,At Risk,3,2,0.6666666666666666
C0356,2025-11-10,4,10635.57,52,3,4,2,342,Loyal Customers,2,1,0.5
C0357,2025-12-12,3,22437.63,20,5,3,4,534,Loyal Customers,0,0,0.0
C0358,2025-11-04,6,29449.95,58,3,5,5,355,Loyal Customers,2,2,1.0
C0359,2025-07-15,1,10663.49,170,1,1,2,112,Hibernating,0,0,0.0
C0360,2025-10-01,3,7148.32,92,2,3,2,232,At Risk,0,0,0.0
C0361,2025-12-23,3,18268.91,9,5,3,4,534,Loyal Customers,0,0,0.0
C0362,2025-10-23,2,4966.42,70,3,2,1,321,Need Attention,0,0,0.0
C0363,2025-07-08,5,43636.22,177,1,5,5,155,At Risk,2,1,0.5
C0364,2025-10-04,5,18845.98,89,3,5,4,354,Loyal Customers,1,1,1.0
C0365,2025-10-22,9,39297.65,71,3,5,5,355,Loyal Customers,4,2,0.5
C0366,2025-12-05,5,9591.029999999999,27,4,5,2,452,Loyal Customers,3,1,0.3333333333333333
C0367,2025-12-31,3,14976.349999999999,1,5,3,3,533,Loyal Customers,1,1,1.0
C0368,2025-11-11,8,25352.1,51,4,5,4,454,Champions,1,0,0.0
C0369,2025-11-15,6,17347.84,47,4,5,4,454,Champions,1,1,1.0
C0370,2025-12-21,3,10470.699999999999,11,5,3,2,532,Loyal Customers,0,0,0.0
C0371,2025-08-05,2,27889.4,149,1,2,5,125,Hibernating,0,0,0.0
C0372,2025-11-15,3,32902.19,47,4,3,5,435,Loyal Customers,0,0,0.0
C0373,2025-12-23,4,12464.55,9,5,4,3,543,Loyal Customers,1,0,0.0
C0374,2025-12-26,3,11288.05,6,5,3,3,533,Loyal Customers,1,0,0.0
C0375,2025-10-22,4,6034.950000000001,71,3,4,2,342,Loyal Customers,2,1,0.5
C0376,2025-11-10,2,6907.38,52,3,2,2,322,Need Attention,2,2,1.0
C0377,2025-10-29,3,11455.609999999999,64,3,3,3,333,Loyal Customers,2,1,0.5
C0378,2025-12-04,2,7963.0,28,4,2,2,422,Potential Loyalists,1,1,1.0
C0379,2025-05-25,2,27150.940000000002,221,1,2,5,125,Hibernating,1,1,1.0
C0380,2025-10-21,3,10975.529999999999,72,3,3,3,333,Loyal Customers,1,0,0.0
C0381,2025-07-28,1,612.57,157,1,1,1,111,Hibernating,1,0,0.0
C0382,2025-11-14,3,9323.32,48,4,3,2,432,Loyal Customers,2,2,1.0
C0383,2025-12-28,2,6421.51,4,5,2,2,522,Potential Loyalists,0,0,0.0
C0384,2025-07-11,3,23912.26,174,1,3,4,134,At Risk,1,0,0.0
C0385,2025-12-27,3,17826.82,5,5,3,4,534,Loyal Customers,3,2,0.6666666666666666
C0386,2025-08-02,4,12974.85,152,1,4,3,143,At Risk,0,0,0.0
C0387,2025-12-31,4,47326.770000000004,1,5,4,5,545,Champions,1,1,1.0
C0388,2025-02-05,1,5076.58,330,1,1,1,111,Hibernating,0,0,0.0
C0389,2025-11-24,4,17548.43,38,4,4,4,444,Champions,1,0,0.0
C0390,2025-11-08,3,13959.02,54,3,3,3,333,Loyal Customers,3,3,1.0
C0391,2025-07-23,1,4321.92,162,1,1,1,111,Hibernating,1,1,1.0
C0392,2025-10-05,5,25052.11,88,3,5,4,354,Loyal Customers,3,1,0.3333333333333333
C0393,2025-08-22,2,7971.280000000001,132,2,2,2,222,Hibernating,0,0,0.0
C0394,2025-07-17,1,2445.66,168,1,1,1,111,Hibernating,0,0,0.0
C0395,2025-10-06,2,4537.33,87,3,2,1,321,Need Attention,2,1,0.5
C0396,2025-12-17,3,25770.16,15,5,3,5,535,Loyal Customers,0,0,0.0
C0397,2025-12-04,3,20011.45,28,4,3,4,434,Loyal Customers,1,1,1.0
C0398,2025-06-23,4,8878.07,192,1,4,2,142,At Risk,0,0,0.0
C0399,2025-09-11,4,26824.26,112,2,4,5,245,At Risk,0,0,0.0
C0400,2025-07-26,2,8349.5,159,1,2,2,122,Hibernating,1,1,1.0
C0401,2025-01-17,1,6422.94,349,1,1,2,112,Hibernating,1,1,1.0
C0402,2025-10-02,3,10520.61,91,2,3,2,232,At Risk,1,1,1.0
C0403,2025-10-11,3,44705.92,82,3,3,5,335,Loyal Customers,2,1,0.5
C0404,2025-12-30,2,4229.62,2,5,2,1,521,Potential Loyalists,0,0,0.0
C0405,2025-09-01,5,8978.18,122,2,5,2,252,At Risk,0,0,0.0
C0406,2025-06-07,2,7641.36,208,1,2,2,122,Hibernating,0,0,0.0
C0408,2025-12-13,3,10071.82,19,5,3,2,532,Loyal Customers,2,2,1.0
C0409,2025-10-29,4,17539.27,64,3,4,4,344,Loyal Customers,0,0,0.0
C0410,2025-11-19,3,12149.7,43,4,3,3,433,Loyal Customers,1,1,1.0
C0411,2025-12-30,4,28876.239999999998,2,5,4,5,545,Champions,0,0,0.0
C0412,2025-12-09,4,13430.76,23,4,4,3,443,Loyal Customers,0,0,0.0
C0413,2025-08-18,3,15479.15,136,2,3,3,233,At Risk,0,0,0.0
C0414,2025-08-26,2,3370.67,128,2,2,1,221,Hibernating,0,0,0.0
C0415,2025-02-04,1,1302.23,331,1,1,1,111,Hibernating,0,0,0.0
C0416,2025-11-03,4,23433.850000000002,59,3,4,4,344,Loyal Customers,3,1,0.3333333333333333
C0417,2025-08-21,4,16657.18,133,2,4,3,243,At Risk,3,1,0.3333333333333333
C0418,2025-07-07,2,5804.99,178,1,2,2,122,Hibernating,0,0,0.0
C0419,2025-05-23,2,6274.79,223,1,2,2,122,Hibernating,1,0,0.0
C0420,2025-12-09,6,23836.63,23,4,5,4,454,Champions,2,0,0.0
C0421,2025-12-21,7,40171.73,11,5,5,5,555,Champions,5,2,0.4
C0422,2025-11-11,2,4822.92,51,4,2,1,421,Potential Loyalists,0,0,0.0
C0423,2025-09-18,4,27989.98,105,2,4,5,245,At Risk,2,1,0.5
C0424,2025-09-27,1,5412.48,96,2,1,1,211,Hibernating,1,1,1.0
C0425,2025-09-24,4,14515.23,99,2,4,3,243,At Risk,2,1,0.5
C0426,2025-11-27,5,12257.34,35,4,5,3,453,Loyal Customers,1,0,0.0
C0427,2025-12-19,5,9369.04,13,5,5,2,552,Loyal Customers,0,0,0.0
C0428,2025-04-28,2,4274.0,248,1,2,1,121,Hibernating,0,0,0.0
C0429,2025-11-05,5,21195.149999999998,57,3,5,4,354,Loyal Customers,0,0,0.0
C0430,2025-12-10,4,56393.86,22,5,4,5,545,Champions,0,0,0.0
C0431,2025-07-02,2,15506.91,183,1,2,3,123,Hibernating,1,0,0.0
C0432,2025-08-19,6,18297.18,135,2,5,4,254,At Risk,1,0,0.0
C0433,2025-09-08,4,28463.02,115,2,4,5,245,At Risk,2,1,0.5
C0434,2025-12-15,5,11949.1,17,5,5,3,553,Loyal Customers,2,1,0.5
C0435,2025-12-01,3,19011.4,31,4,3,4,434,Loyal Customers,2,2,1.0
C0436,2025-11-01,3,7799.7699999999995,61,3,3,2,332,Loyal Customers,0,0,0.0
C0437,2025-03-22,2,2865.51,285,1,2,1,121,Hibernating,1,1,1.0
C0438,2025-12-09,5,21999.21,23,4,5,4,454,Champions,2,1,0.5
C0439,2025-11-14,5,24429.920000000002,48,4,5,4,454,Champions,1,1,1.0
C0440,2025-10-11,6,29133.559999999998,82,3,5,5,355,Loyal Customers,4,2,0.5
C0441,2025-09-24,3,18002.8,99,2,3,4,234,At Risk,2,2,1.0
C0442,2025-04-10,3,54721.39000000001,266,1,3,5,135,At Risk,0,0,0.0
C0443,2025-10-18,5,22776.52,75,3,5,4,354,Loyal Customers,1,0,0.0
C0444,2025-12-24,4,6952.34,8,5,4,2,542,Loyal Customers,0,0,0.0
C0445,2025-09-09,5,19079.33,114,2,5,4,254,At Risk,1,0,0.0
C0446,2025-11-17,3,26159.219999999998,45,4,3,5,435,Loyal Customers,0,0,0.0
C0447,2025-12-22,2,2344.13,10,5,2,1,521,Potential Loyalists,0,0,0.0
C0448,2025-12-20,6,21060.0,12,5,5,4,554,Champions,3,2,0.6666666666666666
C0449,2025-10-05,6,28461.690000000002,88,3,5,5,355,Loyal Customers,3,2,0.6666666666666666
C0450,2025-06-24,3,14813.23,191,1,3,3,133,At Risk,1,0,0.0
C0451,2025-09-08,3,15137.990000000002,115,2,3,3,233,At Risk,0,0,0.0
C0452,2025-11-09,2,8999.7,53,3,2,2,322,Need Attention,1,1,1.0
C0453,2025-12-25,5,26955.82,7,5,5,5,555,Champions,2,2,1.0
C0454,2025-10-02,5,25498.500000000004,91,2,5,5,255,At Risk,3,2,0.6666666666666666
C0455,2025-10-27,3,11170.0,66,3,3,3,333,Loyal Customers,2,0,0.0
C0456,2025-10-02,2,6381.49,91,2,2,2,222,Hibernating,1,0,0.0
C0457,2025-10-28,6,31321.61,65,3,5,5,355,Loyal Customers,2,0,0.0
C0458,2025-09-06,2,4338.1900000000005,117,2,2,1,221,Hibernating,0,0,0.0
C0459,2025-05-15,2,4712.6900000000005,231,1,2,1,121,Hibernating,0,0,0.0
C0460,2025-07-04,3,16064.21,181,1,3,3,133,At Risk,0,0,0.0
C0461,2025-12-28,6,28459.3,4,5,5,5,555,Champions,3,3,1.0
C0462,2025-08-19,4,14892.93,135,2,4,3,243,At Risk,0,0,0.0
C0463,2025-10-09,3,4204.11,84,3,3,1,331,Loyal Customers,2,0,0.0
C0464,2025-12-28,7,21949.13,4,5,5,4,554,Champions,3,2,0.6666666666666666
C0465,2025-11-13,4,12950.01,49,4,4,3,443,Loyal Customers,1,1,1.0
C0466,2025-10-08,3,5828.82,85,3,3,2,332,Loyal Customers,0,0,0.0
C0467,2025-11-06,3,17580.99,56,3,3,4,334,Loyal Customers,1,1,1.0
C0468,2025-12-05,6,23155.13,27,4,5,4,454,Champions,1,0,0.0
C0469,2025-09-13,3,12023.48,110,2,3,3,233,At Risk,0,0,0.0
C0470,2025-10-18,2,11320.28,75,3,2,3,323,Need Attention,0,0,0.0
C0471,2025-12-25,1,1684.94,7,5,1,1,511,Potential Loyalists,0,0,0.0
C0472,2025-11-15,2,2679.73,47,4,2,1,421,Potential Loyalists,0,0,0.0
C0473,2025-05-29,2,5745.209999999999,217,1,2,2,122,Hibernating,0,0,0.0
C0474,2025-09-09,10,30788.699999999997,114,2,5,5,255,At Risk,4,2,0.5
C0475,2025-12-04,1,1175.0,28,4,1,1,411,Potential Loyalists,0,0,0.0
C0476,2025-04-22,2,9929.61,254,1,2,2,122,Hibernating,1,0,0.0
C0477,2025-12-27,3,23218.370000000003,5,5,3,4,534,Loyal Customers,1,1,1.0
C0478,2025-12-09,3,9251.05,23,4,3,2,432,Loyal Customers,0,0,0.0
C0479,2025-09-28,3,10478.080000000002,95,2,3,2,232,At Risk,2,1,0.5
C0480,2025-10-17,4,14443.28,76,3,4,3,343,Loyal Customers,0,0,0.0
C0481,2025-06-27,1,2697.72,188,1,1,1,111,Hibernating,0,0,0.0
C0482,2025-12-28,3,7539.54,4,5,3,2,532,Loyal Customers,2,1,0.5
C0483,2025-12-12,6,25441.88,20,5,5,4,554,Champions,2,0,0.0
C0484,2025-10-26,7,25261.68,67,3,5,4,354,Loyal Customers,0,0,0.0
C0485,2025-11-23,4,20376.38,39,4,4,4,444,Champions,2,0,0.0
C0486,2025-09-25,5,14471.66,98,2,5,3,253,At Risk,1,0,0.0
C0487,2025-10-21,4,13217.08,72,3,4,3,343,Loyal Customers,0,0,0.0
C0488,2025-12-13,7,24120.5,19,5,5,4,554,Champions,2,1,0.5
C0489,2025-12-18,3,18009.46,14,5,3,4,534,Loyal Customers,0,0,0.0
C0490,2025-09-15,4,27151.39,108,2,4,5,245,At Risk,2,2,1.0
C0491,2025-07-24,5,19272.22,161,1,5,4,154,At Risk,1,1,1.0
C0493,2025-12-21,4,21814.93,11,5,4,4,544,Champions,0,0,0.0
C0494,2025-08-22,4,9273.41,132,2,4,2,242,At Risk,0,0,0.0
C0495,2025-06-12,2,15482.23,203,1,2,3,123,Hibernating,0,0,0.0
C0496,2025-12-10,7,13672.49,22,5,5,3,553,Loyal Customers,4,1,0.25
C0497,2025-10-29,2,6532.469999999999,64,3,2,2,322,Need Attention,0,0,0.0
C0498,2025-11-08,2,3014.06,54,3,2,1,321,Need Attention,1,0,0.0
C0499,2025-10-05,7,28086.63,88,3,5,5,355,Loyal Customers,1,1,1.0
C0500,2025-10-07,5,40929.52,86,3,5,5,355,Loyal Customers,1,1,1.0
C0501,2025-09-17,3,6329.98,106,2,3,2,232,At Risk,0,0,0.0
C0502,2025-09-23,3,32371.839999999997,100,2,3,5,235,At Risk,0,0,0.0
C0503,2025-10-25,3,9221.78,68,3,3,2,332,Loyal Customers,0,0,0.0
C0504,2025-11-21,4,29030.090000000004,41,4,4,5,445,Champions,2,1,0.5
C0505,2025-09-07,4,26097.34,116,2,4,5,245,At Risk,0,0,0.0
C0506,2025-10-29,2,8011.66,64,3,2,2,322,Need Attention,0,0,0.0
C0507,2025-12-13,4,21428.35,19,5,4,4,544,Champions,0,0,0.0
C0508,2025-05-25,2,6409.79,221,1,2,2,122,Hibernating,0,0,0.0
C0509,2025-05-15,2,10765.9,231,1,2,2,122,Hibernating,0,0,0.0
C0510,2025-10-25,2,3080.08,68,3,2,1,321,Need Attention,0,0,0.0
C0511,2025-12-05,3,11153.15,27,4,3,3,433,Loyal Customers,0,0,0.0
C0512,2025-10-29,3,13688.69,64,3,3,3,333,Loyal Customers,1,1,1.0
C0513,2025-12-30,3,14681.42,2,5,3,3,533,Loyal Customers,2,2,1.0
C0514,2025-08-18,2,9606.93,136,2,2,2,222,Hibernating,2,1,0.5
C0515,2025-08-05,2,3677.41,149,1,2,1,121,Hibernating,0,0,0.0
C0516,2025-11-28,4,8183.42,34,4,4,2,442,Loyal Customers,1,1,1.0
C0517,2025-11-14,5,41161.590000000004,48,4,5,5,455,Champions,2,0,0.0
C0518,2025-12-24,2,6281.12,8,5,2,2,522,Potential Loyalists,0,0,0.0
C0519,2025-04-28,1,7199.25,248,1,1,2,112,Hibernating,1,1,1.0
C0520,2025-12-10,3,4058.98,22,4,3,1,431,Loyal Customers,0,0,0.0
C0521,2025-12-03,2,4859.82,29,4,2,1,421,Potential Loyalists,1,1,1.0
C0522,2025-12-29,5,52386.770000000004,3,5,5,5,555,Champions,1,0,0.0
C0523,2025-11-17,6,19330.8,45,4,5,4,454,Champions,3,1,0.3333333333333333
C0524,2025-12-13,5,42942.35,19,5,5,5,555,Champions,0,0,0.0
C0525,2025-07-23,2,4050.77,162,1,2,1,121,Hibernating,0,0,0.0
C0526,2025-10-07,1,10465.35,86,3,1,2,312,Need Attention,1,1,1.0
C0527,2025-11-18,5,40641.97,44,4,5,5,455,Champions,2,2,1.0
C0528,2025-10-19,4,28027.04,74,3,4,5,345,Loyal Customers,2,1,0.5
C0529,2025-07-29,6,45101.55,156,1,5,5,155,At Risk,2,1,0.5
C0530,2025-07-28,4,21517.29,157,1,4,4,144,At Risk,2,0,0.0
C0531,2025-08-27,2,33307.38,127,2,2,5,225,Hibernating,1,1,1.0
C0532,2025-10-28,2,7324.879999999999,65,3,2,2,322,Need Attention,1,0,0.0
C0533,2025-05-25,1,2947.0,221,1,1,1,111,Hibernating,0,0,0.0
C0534,2025-12-19,5,12821.04,13,5,5,3,553,Loyal Customers,3,1,0.3333333333333333
C0535,2025-04-06,2,21769.05,270,1,2,4,124,Hibernating,1,1,1.0
C0536,2025-09-19,5,19324.16,104,2,5,4,254,At Risk,0,0,0.0
C0537,2025-11-25,1,2807.24,37,4,1,1,411,Potential Loyalists,0,0,0.0
C0538,2025-06-15,4,7148.37,200,1,4,2,142,At Risk,1,0,0.0
C0539,2025-04-30,1,3560.38,246,1,1,1,111,Hibernating,0,0,0.0
C0540,2025-07-13,4,34535.99,172,1,4,5,145,At Risk,2,0,0.0
C0541,2025-12-02,2,14504.419999999998,30,4,2,3,423,Potential Loyalists,0,0,0.0
C0542,2025-10-25,4,9375.08,68,3,4,2,342,Loyal Customers,1,0,0.0
C0543,2025-04-20,2,5425.719999999999,256,1,2,1,121,Hibernating,0,0,0.0
C0544,2025-11-22,6,22685.309999999998,40,4,5,4,454,Champions,4,2,0.5
C0545,2025-06-06,2,7128.97,209,1,2,2,122,Hibernating,0,0,0.0
C0546,2025-10-02,1,1307.6,91,2,1,1,211,Hibernating,1,1,1.0
C0547,2025-12-01,4,9286.78,31,4,4,2,442,Loyal Customers,2,2,1.0
C0548,2025-09-14,4,37952.479999999996,109,2,4,5,245,At Risk,1,0,0.0
C0549,2025-12-19,4,11582.91,13,5,4,3,543,Loyal Customers,1,0,0.0
C0550,2025-09-25,2,15442.14,98,2,2,3,223,Hibernating,2,2,1.0
C0551,2025-10-16,3,27210.239999999998,77,3,3,5,335,Loyal Customers,1,1,1.0
C0552,2025-09-27,3,13526.79,96,2,3,3,233,At Risk,0,0,0.0
C0553,2025-10-10,3,15043.86,83,3,3,3,333,Loyal Customers,1,1,1.0
C0554,2025-05-29,4,13024.61,217,1,4,3,143,At Risk,1,0,0.0
C0555,2025-02-20,1,3966.46,315,1,1,1,111,Hibernating,0,0,0.0
C0556,2025-05-18,2,6686.4,228,1,2,2,122,Hibernating,0,0,0.0
C0557,2025-11-22,5,52156.16,40,4,5,5,455,Champions,2,2,1.0
C0558,2025-12-08,3,13763.72,24,4,3,3,433,Loyal Customers,1,1,1.0
C0559,2025-11-24,2,7673.38,38,4,2,2,422,Potential Loyalists,1,1,1.0
C0560,2025-12-27,3,29311.39,5,5,3,5,535,Loyal Customers,1,0,0.0
C0561,2025-12-06,2,3961.9700000000003,26,4,2,1,421,Potential Loyalists,1,0,0.0
C0562,2025-11-29,7,42940.619999999995,33,4,5,5,455,Champions,3,1,0.3333333333333333
C0563,2025-06-04,3,4256.139999999999,211,1,3,1,131,At Risk,0,0,0.0
C0564,2025-06-21,2,2810.71,194,1,2,1,121,Hibernating,1,1,1.0
C0565,2025-12-04,5,42831.450000000004,28,4,5,5,455,Champions,2,1,0.5
C0566,2025-11-28,5,33144.12,34,4,5,5,455,Champions,3,3,1.0
C0567,2025-11-02,4,25491.11,60,3,4,4,344,Loyal Customers,1,1,1.0
C0568,2025-11-23,7,28651.75,39,4,5,5,455,Champions,2,1,0.5
C0569,2025-06-30,4,15681.86,185,1,4,3,143,At Risk,0,0,0.0
C0570,2025-11-08,9,74829.9,54,3,5,5,355,Loyal Customers,1,1,1.0
C0571,2025-12-11,4,18102.420000000002,21,5,4,4,544,Champions,3,1,0.3333333333333333
C0572,2025-10-16,4,22313.010000000002,77,3,4,4,344,Loyal Customers,1,1,1.0
C0573,2025-12-16,2,4944.16,16,5,2,1,521,Potential Loyalists,1,0,0.0
C0574,2025-10-16,4,5078.28,77,3,4,1,341,Loyal Customers,2,1,0.5
C0575,2025-07-27,2,2395.12,158,1,2,1,121,Hibernating,0,0,0.0
C0577,2025-09-11,4,15027.0,112,2,4,3,243,At Risk,1,1,1.0
C0578,2025-05-03,3,31022.58,243,1,3,5,135,At Risk,1,1,1.0
C0580,2025-12-20,2,9829.54,12,5,2,2,522,Potential Loyalists,1,0,0.0
C0581,2025-10-29,3,15255.169999999998,64,3,3,3,333,Loyal Customers,2,0,0.0
C0582,2025-12-07,4,8878.65,25,4,4,2,442,Loyal Customers,3,1,0.3333333333333333
C0583,2025-10-07,4,11107.05,86,3,4,3,343,Loyal Customers,2,2,1.0
C0584,2025-11-22,4,22504.21,40,4,4,4,444,Champions,2,2,1.0
C0585,2025-09-28,4,9953.01,95,2,4,2,242,At Risk,2,2,1.0
C0586,2025-09-22,3,16586.809999999998,101,2,3,3,233,At Risk,0,0,0.0
C0587,2025-07-22,3,8657.359999999999,163,1,3,2,132,At Risk,1,1,1.0
C0588,2025-11-21,6,20074.559999999998,41,4,5,4,454,Champions,1,1,1.0
C0589,2025-05-11,1,1605.5,235,1,1,1,111,Hibernating,0,0,0.0
C0590,2025-12-24,4,36416.94,8,5,4,5,545,Champions,1,0,0.0
C0591,2025-12-04,2,19032.86,28,4,2,4,424,Potential Loyalists,2,1,0.5
C0592,2025-08-17,6,15795.48,137,2,5,3,253,At Risk,2,2,1.0
C0593,2025-12-02,5,11452.4,30,4,5,3,453,Loyal Customers,3,2,0.6666666666666666
C0594,2025-12-17,4,11662.779999999999,15,5,4,3,543,Loyal Customers,0,0,0.0
C0595,2025-05-30,6,20394.59,216,1,5,4,154,At Risk,3,2,0.6666666666666666
C0596,2025-05-28,2,3278.37,218,1,2,1,121,Hibernating,1,0,0.0
C0598,2025-11-17,3,3554.61,45,4,3,1,431,Loyal Customers,1,0,0.0
C0599,2025-11-10,6,13133.630000000001,52,3,5,3,353,Loyal Customers,3,2,0.6666666666666666
C0600,2025-12-15,6,22807.65,17,5,5,4,554,Champions,2,0,0.0
C0601,2025-12-29,5,33555.91,3,5,5,5,555,Champions,0,0,0.0
C0602,2025-11-22,3,6624.87,40,4,3,2,432,Loyal Customers,0,0,0.0
C0603,2025-12-23,4,7301.360000000001,9,5,4,2,542,Loyal Customers,0,0,0.0
C0605,2025-10-06,7,24321.469999999998,87,3,5,4,354,Loyal Customers,2,2,1.0
C0606,2025-12-28,4,8509.49,4,5,4,2,542,Loyal Customers,2,1,0.5
C0607,2025-12-29,2,3243.3,3,5,2,1,521,Potential Loyalists,0,0,0.0
C0608,2025-10-26,4,20822.38,67,3,4,4,344,Loyal Customers,1,0,0.0
C0609,2025-12-13,3,17264.23,19,5,3,4,534,Loyal Customers,0,0,0.0
C0610,2025-12-21,5,31809.170000000002,11,5,5,5,555,Champions,3,1,0.3333333333333333
C0611,2025-06-22,1,783.04,193,1,1,1,111,Hibernating,0,0,0.0
C0612,2025-08-25,5,32003.66,129,2,5,5,255,At Risk,2,2,1.0
C0613,2025-11-02,6,35467.1,60,3,5,5,355,Loyal Customers,1,1,1.0
C0615,2025-10-28,5,41438.8,65,3,5,5,355,Loyal Customers,2,0,0.0
C0616,2025-12-31,9,28030.879999999997,1,5,5,5,555,Champions,4,2,0.5
C0617,2025-10-01,4,16993.19,92,2,4,4,244,At Risk,1,0,0.0
C0618,2025-12-07,4,6939.95,25,4,4,2,442,Loyal Customers,1,0,0.0
C0619,2025-12-31,2,18305.1,1,5,2,4,524,Potential Loyalists,0,0,0.0
C0620,2025-12-05,5,23913.620000000003,27,4,5,4,454,Champions,1,1,1.0
C0621,2025-11-27,5,17334.79,35,4,5,4,454,Champions,3,2,0.6666666666666666
C0622,2025-08-29,3,15481.15,125,2,3,3,233,At Risk,2,0,0.0
C0623,2025-10-20,5,32521.339999999997,73,3,5,5,355,Loyal Customers,1,0,0.0
C0624,2025-11-12,4,37693.18,50,4,4,5,445,Champions,1,0,0.0
C0625,2025-07-05,1,16946.54,180,1,1,4,114,Hibernating,0,0,0.0
C0626,2025-06-19,1,4504.03,196,1,1,1,111,Hibernating,0,0,0.0
C0627,2025-09-05,2,31778.120000000003,118,2,2,5,225,Hibernating,1,0,0.0
C0628,2025-03-29,1,2993.28,278,1,1,1,111,Hibernating,0,0,0.0
C0629,2025-09-29,4,22520.51,94,2,4,4,244,At Risk,1,1,1.0
C0630,2025-10-23,2,11728.39,70,3,2,3,323,Need Attention,2,2,1.0
C0631,2025-12-29,3,14648.460000000001,3,5,3,3,533,Loyal Customers,1,0,0.0
C0632,2025-07-10,2,6430.6900000000005,175,1,2,2,122,Hibernating,1,1,1.0
C0633,2025-10-28,3,12131.45,65,3,3,3,333,Loyal Customers,3,3,1.0
C0634,2025-11-22,6,24968.63,40,4,5,4,454,Champions,2,0,0.0
C0635,2025-10-18,3,9749.529999999999,75,3,3,2,332,Loyal Customers,1,0,0.0
C0636,2025-09-22,3,3989.6,101,2,3,1,231,At Risk,0,0,0.0
C0637,2025-06-01,1,3708.55,214,1,1,1,111,Hibernating,0,0,0.0
C0639,2025-12-02,3,16776.32,30,4,3,3,433,Loyal Customers,0,0,0.0
C0640,2025-10-30,4,15497.03,63,3,4,3,343,Loyal Customers,2,1,0.5
C0641,2025-12-10,8,39825.28,22,4,5,5,455,Champions,3,2,0.6666666666666666
C0642,2025-11-11,4,8986.41,51,4,4,2,442,Loyal Customers,2,1,0.5
C0643,2025-07-26,2,15103.67,159,1,2,3,123,Hibernating,1,0,0.0
C0644,2025-09-30,3,23739.55,93,2,3,4,234,At Risk,2,2,1.0
C0645,2025-11-04,2,3085.23,58,3,2,1,321,Need Attention,2,2,1.0
C0646,2025-09-15,2,11139.61,108,2,2,3,223,Hibernating,1,1,1.0
C0647,2025-10-05,3,31373.120000000003,88,3,3,5,335,Loyal Customers,2,0,0.0
C0648,2025-10-15,3,15328.699999999999,78,3,3,3,333,Loyal Customers,1,0,0.0
C0649,2025-03-13,3,18267.39,294,1,3,4,134,At Risk,0,0,0.0
C0650,2025-06-16,1,10961.64,199,1,1,3,113,Hibernating,0,0,0.0
